Team,Conf,W-L,AdjEM,AdjO,AdjD,AdjT,Luck,SOSAdjEM,NCSOSAdjEM
Louisville 1,BE,35-5,32.92,117.7,84.8,65.8,-0.016,10.23,2.15
Florida 3,SEC,29-8,31.18,117.2,86,61.9,-0.089,7,4.09
Indiana 1,B10,29-7,29.31,120.8,91.5,66,-0.021,8.86,-5.16
Michigan 4,B10,31-8,27.86,121.9,94,64,-0.007,11.13,-3.09
Gonzaga 1,WCC,32-3,27.81,120.5,92.7,63.3,0.026,4.37,5.03
Duke 2,ACC,30-6,26.98,119.1,92.1,66.7,0.033,9.95,6.85
Ohio St. 2,B10,29-8,25.42,115.1,89.7,63.6,0.02,10.18,-5.53
Kansas 1,B12,31-6,25.23,112.7,87.5,66.4,0.01,7.05,2.64
Syracuse 4,BE,30-10,24.83,113.1,88.3,63.1,-0.004,9.46,-4.44
Michigan St. 3,B10,27-9,24.17,112.6,88.5,63.1,0.001,11.91,-0.75
Pittsburgh 8,BE,24-9,24.08,115.6,91.5,59.3,-0.058,4.52,-9.69
Wisconsin 5,B10,23-12,22.57,108.3,85.7,60.4,-0.033,11.08,-3.2
Miami FL 2,ACC,29-7,22.37,113.6,91.3,61.9,0.028,8.41,4.96
Arizona 6,P12,27-8,21.88,115.4,93.5,65.5,-0.012,7.99,1.45
Creighton 7,MVC,28-8,21.75,118.3,96.5,63.8,-0.009,5.73,1.63
Georgetown 2,BE,25-7,21.24,107.6,86.4,61.2,0.038,7.42,-6.15
Wichita St. 9,MVC,30-9,20.31,111.8,91.5,63.8,-0.002,6.71,0.17
VCU 5,A10,27-9,20.28,114,93.7,66.4,0.002,5.09,-0.22
Saint Louis 4,A10,28-7,20.01,108.6,88.6,63.8,0,3.91,-3.98
Minnesota 11,B10,21-13,19.85,114.8,95,62.3,-0.036,11.22,2.07
Saint Mary's 11,WCC,28-7,19.33,116.1,96.8,62.9,0.023,3.18,-0.49
Colorado St. 8,MWC,26-9,19.12,117.9,98.8,63.8,0.02,7.17,-0.49
New Mexico 3,MWC,29-6,19.02,109.9,90.9,63.7,0.073,7.98,4.42
Oklahoma St. 5,B12,24-9,18.69,109,90.3,66.1,-0.016,6.38,-2.26
Missouri 9,SEC,23-11,18.53,114.9,96.4,66.3,-0.032,5.62,-2.02
Marquette 3,BE,26-9,18.32,113.2,94.9,63.3,0.09,9.28,-1.14
Kansas St. 4,B12,27-8,18.16,113.5,95.3,61.4,0.051,6.82,-3.29
Iowa St. 10,B12,23-12,17.63,117.5,99.8,68.3,-0.046,6.74,-3.12
San Diego St. 7,MWC,23-11,17.43,107.7,90.3,65.5,-0.049,7.65,1.92
North Carolina 8,ACC,25-11,17.14,112.2,95.1,69.6,0.038,8.57,-0.95
North Carolina St. 8,ACC,24-11,16.99,116.8,99.8,66.8,-0.032,6.54,-0.36
Mississippi 12,SEC,27-9,16.95,112.3,95.3,69.2,-0.011,3.19,-7.55
Oregon 12,P12,28-9,16.78,106.6,89.8,67.9,0.052,5.92,-8.08
Notre Dame 7,BE,25-10,16.65,114.6,97.9,60.3,0.046,6.53,-6.61
Memphis 6,CUSA,31-5,16.33,107.3,91,68.3,0.056,1.9,0.43
UNLV 5,MWC,25-10,16.07,106,90,67.9,-0.015,6.23,-0.28
Illinois 7,B10,23-13,15.82,110.6,94.8,64.6,0.042,10.84,-0.8
Cincinnati 10,BE,22-12,15.57,105.9,90.4,63,-0.012,7.31,-5.68
NCSOS,,,,,,,,,
Team,Conf,W-L,AdjEM,AdjO,AdjT,AdjEM,OppD,,
Butler 6,A10,27-9,15.41,110.5,95.1,63.6,0.087,7.53,4.18
Belmont 11,OVC,26-7,14.92,111.6,96.6,65.9,0.013,-0.74,5.39
Middle Tennessee 11,SB,28-6,14.77,107.3,92.5,63.4,0.052,-2.3,4.87
Colorado 10,P12,21-12,14.62,106.5,91.9,63.7,0.029,9.15,3.8
UCLA 6,P12,25-10,14.53,111.1,96.6,68.1,0.068,8.06,0.43
Connecticut,BE,20-10,14.05,109.9,95.9,63.8,0.011,7.49,0.29
La Salle 13,A10,24-10,13.89,111.8,98,64.6,0.051,5.67,-0.5
Oklahoma 10,B12,20-12,13.8,111.1,97.3,65.2,0.004,7.8,2.47
Villanova 9,BE,20-14,13.57,106.3,92.7,66.4,0.011,9.41,0.3
Boise St. 13,MWC,21-11,13.54,113.2,99.7,64.8,0.004,6.74,-1.38
California 12,P12,21-12,13.11,107.3,94.2,64.9,0.041,8.35,2.12
Bucknell 11,Pat,28-6,12.72,107.3,94.6,61.9,-0.014,-1.72,2.78
Temple 9,A10,24-10,12.67,111.3,98.6,65.6,0.038,5.48,0.82
Akron 12,MAC,26-7,11.52,106.8,95.2,65.2,0.085,-0.35,0.28
Illinois St.,MVC,18-15,11.49,109.7,98.2,68.8,-0.094,4.14,-2.4
Valparaiso 14,Horz,26-8,11.42,110.7,99.3,64.3,0.021,-1.5,-3.18
Davidson 14,SC,26-8,11.36,112.1,100.7,63.9,-0.002,-5.09,6.42
Dayton,A10,17-14,11.31,112.7,101.4,64.7,-0.1,3.66,-1.09
Northern Iowa,MVC,21-15,10.84,106.8,96,61.8,-0.034,5.34,6.52
Weber St.,BSky,30-7,10.65,109.1,98.4,64.1,-0.016,-6.8,1.69
Purdue,B10,16-18,10.33,107,96.6,65.6,-0.06,8.01,-2.89
North Dakota St.,Sum,24-10,10.03,105.5,95.4,59.6,-0.015,-3.66,2.45
Santa Clara,WCC,26-12,9.72,110.9,101.2,67.5,0.046,1.07,-6.01
Xavier,A10,17-14,9.55,106,96.4,61.8,-0.055,5.45,2.84
Arkansas,SEC,19-13,9.29,106.7,97.4,69.6,0.004,4.24,-4.85
NCSOS,,,,,,,,,
Team,Conf,W-L,AdjEM,AdjO,AdjT,AdjEM,OppD,,
Richmond,A10,19-15,8.08,110,102,62.4,-0.017,3.45,-2.48
Evansville,MVC,21-15,8.08,106.4,98.3,64.6,-0.011,3.86,-2.62
Princeton,Ivy,17-11,7.88,108.8,100.9,59.4,-0.071,-1.29,3.16
New Mexico St. 13,WAC,24-11,7.68,104.7,97.1,63.8,0.039,0.36,3.94
Iona 15,MAAC,20-14,7.45,114.4,106.9,69.7,-0.07,0.94,4.09
Washington St.,P12,13-19,7.45,107.6,100.2,60.7,-0.135,4.91,-7.39
Lehigh,Pat,21-10,7.32,108.9,101.6,65.8,-0.003,-3.16,-1.85
Harvard 14,Ivy,20-10,7.07,108.1,101.1,63.3,0.037,0.6,5.07
Texas,B12,16-18,7.02,102.5,95.5,64.7,-0.023,6.19,-1.35
Texas A&M,SEC,18-15,6.83,105.2,98.4,59.8,-0.013,3.92,-4.04
South Dakota St. 13,Sum,25-10,6.79,112,105.2,62.6,0.03,-3.31,4.11
Oregon St.,P12,14-18,6.77,109.4,102.7,67.1,-0.12,5.16,-7.59
Vanderbilt,SEC,16-17,6.77,102.6,95.8,59.7,-0.026,4.98,0.5
Air Force,MWC,18-14,6.74,111.7,104.9,63.2,0.034,7.17,-4.78
Wyoming,MWC,20-14,6.53,103,96.5,60,0.045,5.49,-1.81
USC,P12,14-18,6.39,103.4,97,65.8,-0.014,9.18,5.31
LSU,SEC,19-12,6.38,105.6,99.3,67.7,0.06,3.14,-8.05
Georgia Tech,ACC,16-15,6.37,99.9,93.5,65.2,-0.038,3.9,-10.65
Florida Gulf Coast 15,ASun,26-11,6.27,104.9,98.6,67.9,0.039,-2.79,4.57
Rutgers,BE,15-16,6.07,107.5,101.4,63.1,0.015,6.99,-4.13
Boston College,ACC,16-17,6.04,109.9,103.9,62.6,0.026,6.46,-3.14
Utah St.,WAC,21-10,5.53,109.7,104.2,60.6,0.024,-2.1,-3.04
Fresno St.,MWC,19-Nov,5.46,100,94.5,60.5,-0.062,9.1,4.39
Eastern Kentucky,OVC,25-10,5.39,110.7,105.3,63.9,0.028,-3.72,-4.37
George Washington,A10,13-17,5.34,100.4,95.1,66.5,-0.085,4.39,-0.62
Clemson,ACC,13-18,5.33,101.2,95.8,61,-0.111,4.29,-7.53
Georgia,SEC,15-17,5.27,101.9,96.7,60.9,-0.002,4.82,-0.89
UTEP,CUSA,18-14,5.25,103.7,98.5,59.9,0,1.39,3.68
Utah,P12,15-18,5.13,104.7,99.5,60.9,-0.027,7.13,-5.28
Canisius,MAAC,20-14,5.06,111.2,106.2,65.1,-0.015,-0.12,3.47
Seton Hall,BE,15-18,4.94,104.3,99.4,63.5,-0.026,6.27,-6.82
Drake,MVC,15-17,4.55,107.2,102.6,67.4,0.002,5.89,1.78
St. Bonaventure,A10,14-15,4.53,109.7,105.2,65.1,-0.04,3.71,-0.59
NCSOS,,,,,,,,,
Team,Conf,W-L,AdjEM,AdjO,AdjT,AdjEM,OppD,,
Kent St.,MAC,21-14,4.43,107.8,103.4,65.6,-0.019,-0.86,-0.68
Wright St.,Horz,23-13,4.33,98,93.7,61.8,0.008,-1.44,-4.86
West Virginia,B12,13-19,4.22,105,100.8,63,-0.042,6.78,1.18
Loyola MD,MAAC,23-12,4.13,104.6,100.4,62.7,0.047,-1.48,-1.26
East Carolina,CUSA,23-12,4.02,108.9,104.9,67.5,0.045,0.12,-3.26
Green Bay,Horz,18-16,3.99,104.5,100.5,62.5,-0.05,0.01,0.61
Pacific 15,BW,22-13,3.96,106.1,102.2,62.2,0.074,0.86,9.06
UCF,CUSA,20-11,3.39,106.8,103.5,64.5,0.05,-0.56,-5
Murray St.,OVC,21-10,3.37,105.6,102.3,64.9,-0.012,-3.07,2.4
Northwestern,B10,13-19,3.27,104.5,101.2,60,-0.022,8.62,-5.6
George Mason,CAA,22-16,3.21,103.5,100.3,65.6,-0.007,-0.41,5.15
San Francisco,WCC,15-16,3.13,107.1,104,65.5,-0.041,2.95,0.03
Vermont,AE,21-12,3.12,103,99.9,60.9,-0.006,-4.47,-1.87
Nebraska,B10,15-18,3.03,102.1,99.1,60.5,0.104,10.22,-1.29
Wake Forest,ACC,13-18,2.88,101.6,98.7,67.8,-0.006,5.82,-3.18
Northwestern St. 14,Slnd,23-9,2.82,106.6,103.8,71.9,0.075,-3.56,8.11
Western Michigan,MAC,22-13,2.63,102.6,100,65,0.062,-1.42,0.34
South Florida,BE,19-Dec,2.63,102.4,99.7,58.7,-0.007,7.52,-3.98
Boston University,AE,17-13,2.23,105.3,103,64.4,-0.036,-3.12,-0.08
Oral Roberts,Slnd,20-15,2.23,106.6,104.4,64.9,-0.028,-2.51,6.69
Montana 13,BSky,25-7,2.14,104.9,102.8,62.7,0.175,-5.21,8.71
Tulane,CUSA,20-15,1.88,107.2,105.3,64.3,-0.052,-3.85,-9.66
UC Irvine,BW,21-16,1.86,101.1,99.2,65.2,0.018,-0.05,6.77
Arkansas St.,SB,19-12,1.74,98.8,97.1,64.2,-0.033,-5.65,-7.01
UT Arlington,WAC,19-14,1.37,98.8,97.5,65.6,0.043,-1.35,-1.84
Albany 15,AE,24-11,1.36,102.6,101.3,61.7,0.082,-5.19,-6.61
Fairfield,MAAC,19-16,1.2,98,96.8,60.5,-0.002,-1.18,-0.84
Cal Poly,BW,18-14,1.16,106.4,105.3,58.3,0.031,-0.38,5.9
College of Charleston,SC,24-11,1.1,102.7,101.6,62.9,0.091,-6.36,-0.38
Manhattan,MAAC,14-18,0.9,95.3,94.4,60.7,-0.021,1.19,5.32
Texas Southern,SWAC,17-14,0.68,105.7,105,62.4,-0.061,-8.1,9.89
Western Illinois,Sum,22-9,0.66,97.3,96.6,56.7,0.047,-5.83,-5.93
Army,Pat,16-15,0.6,105.3,104.7,66.7,-0.084,-4.23,-5
Bradley,MVC,18-17,0.59,104.4,103.8,65.6,0.043,1.92,-8.66
Rider,MAAC,19-15,0.59,98.8,98.2,64.6,0.048,-0.63,-0.33
NCSOS,,,,,,,,,
Team,Conf,W-L,AdjEM,AdjO,AdjT,AdjEM,OppD,,
Penn St.,B10,21-Oct,0.57,102.1,101.5,64,0.02,10.35,-2.87
Southern 16,SWAC,23-10,0.5,99.3,98.8,63.4,-0.031,-11.47,4.12
UAB,CUSA,16-17,0.35,100.9,100.6,69.3,0.003,1.54,-1.05
North Carolina Central,MEAC,22-9,0.32,99.3,99,62.8,0.026,-7.69,1.39
Tennessee St.,OVC,18-15,0.18,104.9,104.7,66.7,0.038,-0.17,3.92
Loyola Chicago,Horz,15-16,0.12,103.2,103.1,61.8,-0.083,-2.56,-6.53
Delaware,CAA,19-14,0.11,104.4,104.3,65.9,0.079,-1.23,7.41
Drexel,CAA,13-18,0.08,102.1,102,60.5,-0.089,-0.75,4.2
Virginia Tech,ACC,13-19,-0.1,107.2,107.3,65.9,0.032,6.45,-3.98
San Diego,WCC,16-18,-0.14,102.8,103,62.5,0.039,2.94,-2.41
Lafayette,Pat,19-15,-0.25,106,106.2,64.5,0.048,-2.64,-2.43
Nevada,MWC,19-Dec,-0.28,105.1,105.4,65.5,0.038,6.56,-1.12
Western Kentucky 16,SB,20-16,-0.41,101.8,102.2,64.6,0.029,-2.47,3.24
DePaul,BE,21-Nov,-0.43,105.5,105.9,70.7,-0.049,5.76,-8.18
Towson,CAA,18-13,-0.45,103.1,103.6,64.7,0.054,-1.92,2.86
Bryant,NEC,19-12,-0.53,109.4,109.9,65.1,0.043,-5.98,-2.16
Southern Illinois,MVC,14-17,-0.73,102.7,103.4,61.6,0.046,3.67,-4.38
Houston,CUSA,20-13,-0.82,108,108.8,69,-0.007,-5.79,-14.91
Tulsa,CUSA,17-16,-0.87,99.5,100.3,66.3,0.052,0.77,0.12
James Madison 16,CAA,21-15,-0.92,100.2,101.1,62.9,0.063,-3.42,-4.5
Illinois Chicago,Horz,18-16,-1.11,98.8,99.9,63,0.041,-0.49,-0.22
Wagner,NEC,19-12,-1.17,97.2,98.4,65.9,0.053,-5.51,1.82
SMU,CUSA,15-17,-1.25,100.8,102.1,62.4,-0.07,-2.37,-5.48
Toledo,MAC,15-13,-1.31,104.2,105.5,66.1,0.012,-3.23,-1.55
Georgia St.,CAA,15-16,-1.33,105.8,107.1,62.6,-0.051,-3.29,-0.15
FIU,SB,18-14,-1.39,101.6,102.9,67.8,0.07,-2.29,2.36
Buffalo,MAC,14-20,-1.4,103.3,104.7,63.9,-0.067,0.28,3.3
Gardner Webb,BSth,21-13,-1.63,98,99.6,61.5,-0.044,-7.19,-1.03
Youngstown St.,Horz,18-16,-1.91,102.9,104.8,66.9,0.025,-0.57,-0.59
LIU Brooklyn 16,NEC,20-14,-2.13,110.5,112.6,67.3,0.015,-6.79,-5.01
Rhode Island,A10,21-Aug,-2.24,100.5,102.8,61.6,-0.042,4.91,1.39
South Alabama,SB,17-13,-2.34,99.1,101.4,67,0.043,-3.52,-1.94
USC Upstate,ASun,16-17,-2.37,103,105.3,64.9,-0.076,-4.87,2.46
Columbia,Ivy,16-Dec,-2.42,101.1,103.5,60.3,-0.121,-3.25,-2.38
Auburn,SEC,23-Sep,-2.83,98.8,101.6,65.6,-0.117,3.79,-5.98
Yale,Ivy,14-17,-2.95,102.7,105.7,63,0.032,0.66,5.22
Idaho,WAC,18-Dec,-2.97,109.9,112.8,62,0,0.49,2.26
Oakland,Sum,16-17,-3.09,107.3,110.4,68.1,0.041,0.37,10.33
NCSOS,,,,,,,,,
Team,Conf,W-L,AdjEM,AdjO,AdjT,AdjEM,OppD,,
Cal St. Fullerton,BW,14-18,-3.09,107.2,110.3,68.4,-0.097,-2.88,-2.24
Morgan St.,MEAC,16-15,-3.19,99.4,102.6,65.9,-0.049,-6.89,0.88
UNC Asheville,BSth,16-16,-3.25,101.5,104.7,67.9,-0.076,-4.68,5.53
Jacksonville St.,OVC,17-11,-3.43,102.6,106,60.9,0.087,-4.08,-4.06
Loyola Marymount,WCC,23-Nov,-3.44,98.4,101.9,63.4,-0.016,3.33,-2.08
Elon,SC,21-12,-3.51,99,102.5,64.8,0.055,-6.87,0.61
Quinnipiac,NEC,15-16,-3.54,102.3,105.9,65.3,-0.032,-4.77,-1.5
Savannah St.,MEAC,19-15,-3.58,88.2,91.8,61.8,0.044,-5.04,6.35
South Carolina,SEC,14-18,-3.58,101.7,105.3,65.2,0.028,-0.15,-10.35
Hawaii,BW,17-15,-3.72,102.8,106.6,67.9,0.01,-4.44,-8.66
Mount St. Mary's,NEC,18-14,-3.78,102.5,106.3,66,0.118,-3.85,3.04
Missouri St.,MVC,22-Nov,-3.82,101,104.8,59.6,0.023,6,0.98
Bowling Green,MAC,13-19,-3.87,96.9,100.8,62.8,-0.091,-2.2,-2.94
William & Mary,CAA,13-17,-4.01,106.6,110.6,62.2,-0.064,-3.6,-1.53
UC Davis,BW,14-17,-4.06,104.6,108.6,66.1,-0.008,-3.18,-3.37
Marshall,CUSA,13-19,-4.35,102.3,106.6,66.4,-0.009,0.39,-3.81
High Point,BSth,17-14,-4.37,100.2,104.5,64.5,-0.061,-8.39,-4.24
Cal St. Northridge,BW,14-17,-4.56,104.1,108.6,69.2,-0.017,-2.34,-0.55
Arkansas Little Rock,SB,17-15,-4.74,97.6,102.4,66.4,0.06,-3.9,-2.32
Pepperdine,WCC,18-Dec,-4.77,98.9,103.6,62.2,0.027,1.39,-5.28
St. Francis NY,NEC,18-Dec,-4.79,103.1,107.9,65.2,-0.068,-3.69,2.54
UC Santa Barbara,BW,20-Nov,-4.8,98.5,103.3,62.5,-0.04,1.14,10.04
Southeast Missouri St.,OVC,17-16,-4.87,103.9,108.8,67,-0.033,-7.51,-7.71
Morehead St.,OVC,15-18,-5.04,99.6,104.6,68.2,0.033,-0.87,4.03
Hartford,AE,17-14,-5.24,94,99.2,62.5,0.08,-5.1,-3.66
North Carolina A&T 16,MEAC,20-17,-5.3,93.2,98.5,65.5,0.037,-6.98,-1.55
Sam Houston St.,Slnd,17-17,-5.46,94,99.5,61.3,-0.019,-5.68,-0.04
Louisiana Lafayette,SB,13-20,-5.73,100.6,106.4,68.6,-0.047,-2.68,0.38
Seattle,WAC,22-Aug,-5.73,94,99.7,68.2,-0.173,-2.53,-6.31
Coastal Carolina,BSth,14-15,-5.83,97.8,103.6,63.8,-0.074,-6.18,1.87
Brown,Ivy,13-15,-5.94,95.8,101.7,63.3,0.042,-2.88,-2.26
Eastern Michigan,MAC,16-18,-5.94,93,99,58.9,0.017,-2.33,2.07
Stetson,ASun,15-16,-5.95,101.2,107.2,67.3,0.016,-5.29,1.28
Florida Atlantic,SB,14-18,-6.11,99.5,105.7,63.8,0.012,-3.61,-0.82
Holy Cross,Pat,18-Dec,-6.48,99,105.5,61.5,0.002,-2.15,-2.17
Cal St. Bakersfield,ind,14-16,-6.52,98.3,104.8,64.5,0.006,-1.59,-1.59
Marist,MAAC,21-Oct,-6.6,98.8,105.4,66.8,-0.052,-0.76,0.19
Texas Tech,B12,20-Nov,-6.63,100.5,107.1,66.6,0.024,4.48,-15.12
Duquesne,A10,22-Aug,-6.75,100.7,107.5,67.9,0.022,4.27,-0.35
NCSOS,,,,,,,,,
Team,Conf,W-L,AdjEM,AdjO,AdjT,AdjEM,OppD,,
Miami OH,MAC,22-Sep,-7.03,98.7,105.7,64.1,-0.066,1.44,4.96
Northern Colorado,BSky,13-18,-7.09,102.8,109.8,64.9,-0.051,-5.44,9.14
IPFW,Sum,16-17,-7.22,98.2,105.4,64.7,0.021,-5.56,-5.38
Northern Kentucky,ASun,16-Nov,-7.26,97.5,104.7,58.1,-0.033,-5.25,0.63
Western Carolina,SC,14-19,-7.39,101.6,109,65,-0.031,-5.69,3.91
Wofford,SC,13-19,-7.42,89.2,96.7,62.3,-0.058,-5.14,2.98
Central Michigan,MAC,20-Nov,-7.43,105.1,112.5,64.2,0,-1.06,1.69
North Florida,ASun,13-19,-7.51,101,108.5,64.8,-0.01,-2.6,7.27
Penn,Ivy,22-Sep,-7.74,94.9,102.6,66.7,-0.008,-0.47,1.91
North Dakota,BSky,16-17,-7.78,97.2,105,66.4,0.038,-5.78,3.01
South Dakota,Sum,20-Oct,-7.79,105.2,113,65.8,-0.082,-2.21,4.82
Fordham,A10,24-Jul,-7.82,100.2,108,67.3,0.027,6.89,5.03
Ball St.,MAC,15-15,-7.84,99.5,107.3,64.9,0.08,-3.98,-5.27
UTSA,WAC,22-Oct,-7.85,100.9,108.8,62.7,-0.046,-1.08,-2.88
Texas St.,WAC,22-Dec,-8,101.1,109.1,70.5,0.009,-1.69,-5.7
Mississippi St.,SEC,22-Oct,-8.01,91.8,99.9,66.8,-0.01,4.36,-6.01
Central Connecticut,NEC,13-17,-8.18,101.8,109.9,68.8,0.056,-4.31,0.28
Portland,WCC,21-Nov,-8.18,95.2,103.4,63.6,0.036,3.94,-0.01
North Texas,SB,20-Dec,-8.3,97.2,105.5,65.3,-0.023,-4.16,-3.92
Cleveland St.,Horz,14-18,-8.42,99.6,108,63.6,0.033,1.71,2.53
Cornell,Ivy,13-18,-8.68,99.9,108.6,66.1,0.028,-2.53,-2
Maine,AE,19-Nov,-8.8,97.3,106.1,67.8,0.02,-2.63,-0.8
NJIT,GWC,16-13,-8.82,94.6,103.4,65.9,-0.048,-11.06,-7.89
Appalachian St.,SC,15-16,-8.9,99.4,108.3,66.5,0.011,-7.39,-3.85
TCU,B12,21-Nov,-9.36,93.4,102.7,59.5,0.09,3.49,-10.81
Liberty 16,BSth,15-21,-9.38,101.3,110.6,64.4,-0.034,-6.47,-0.41
New Hampshire,AE,20-Sep,-9.41,92.8,102.2,62.9,-0.054,-3.11,-1.24
Sacred Heart,NEC,20-Sep,-9.66,101.5,111.1,66.9,0.007,-2.37,4.71
Colgate,Pat,21-Nov,-9.66,97.6,107.3,65.6,0.002,-1.65,-2.14
Bethune Cookman,MEAC,14-20,-9.75,98,107.8,65.1,-0.029,-6.38,1.56
Tennessee Tech,OVC,17-Dec,-10.15,97.1,107.3,64.2,0.038,-2.85,-2.84
Eastern Illinois,OVC,21-Nov,-10.18,100,110.2,58.6,-0.033,-5.49,-3.73
Hampton,MEAC,14-17,-10.21,89.2,99.4,68.7,0.031,-9.11,-5.12
Troy,SB,21-Dec,-10.31,99.1,109.4,59.4,0.005,-5.37,-8.51
Dartmouth,Ivy,19-Sep,-10.34,96.4,106.7,63.1,-0.008,-2.6,-2.34
Old Dominion,CAA,25-May,-10.49,98.6,109.1,65.3,-0.112,-2.79,-2.05
American,Pat,20-Oct,-10.51,98,108.5,58.5,0.004,-2.05,-2.63
Winthrop,BSth,14-17,-10.64,95.3,105.9,59.8,0.037,-5.09,3.44
Sacramento St.,BSky,14-15,-10.81,97,107.9,61.3,0.05,-7.67,-2.41
Saint Peter's,MAAC,21-Sep,-11.07,92.8,103.9,62.7,0.049,-2.37,-6.54
NCSOS,,,,,,,,,
Team,Conf,W-L,AdjEM,AdjO,AdjT,AdjEM,OppD,,
Arkansas Pine Bluff,SWAC,16-14,-11.19,92.5,103.7,66.6,0.117,-8.5,8.92
Georgia Southern,SC,14-19,-11.19,95.8,107,60.9,0.012,-5.56,-0.3
VMI,BSth,14-17,-11.33,102.3,113.6,69.7,-0.022,-7.71,-1.05
Delaware St.,MEAC,15-18,-11.43,96.7,108.1,59.8,0.054,-5.9,6.22
Southeastern Louisiana,Slnd,18-Dec,-11.49,94,105.5,65,0.054,-3.01,8.47
UNC Greensboro,SC,22-Sep,-11.64,97.1,108.8,70.5,-0.151,-7.11,0.23
UNC Wilmington,CAA,20-Oct,-11.83,97.1,108.9,65.3,0.022,-2.5,0.37
Jacksonville,ASun,14-18,-12.07,95.8,107.9,67.7,0.068,-5.38,-1.15
Lipscomb,ASun,18-Dec,-12.16,98,110.2,69.4,0.053,-3.37,4.84
Nicholls St.,Slnd,21-Sep,-12.17,98.6,110.8,66.1,-0.024,-4.75,3.37
McNeese St.,Slnd,14-16,-12.23,96,108.2,62.9,0.089,-4.33,5.79
Northern Arizona,BSky,21-Nov,-12.39,96.9,109.3,66.7,0.041,-3.98,6.44
Samford,SC,21-Nov,-12.41,97.9,110.3,58.8,-0.007,-6.3,2.39
Central Arkansas,Slnd,13-17,-12.55,100.4,112.9,71.1,0.046,-7.25,-5.32
Utah Valley,GWC,14-18,-12.58,98.8,111.4,62.8,-0.004,-7.32,-3.46
Radford,BSth,13-19,-12.66,91.3,104,66.1,0.008,-7.58,-2.43
Chicago St.,GWC,22-Nov,-12.67,91.1,103.7,65.5,-0.083,-5.17,1.39
Siena,MAAC,24-Aug,-12.74,95.4,108.1,62.6,0.021,-1.18,-2.48
Eastern Washington,BSky,21-Oct,-12.98,97.2,110.1,67,0.001,-6.59,-1.41
Campbell,BSth,13-20,-13.11,97.8,110.9,64.8,0.014,-7.31,-0.3
Milwaukee,Horz,24-Aug,-13.34,95.2,108.6,64.6,-0.004,0.59,-1.56
Montana St.,BSky,13-17,-13.38,100.4,113.8,64.8,0.032,-8.38,-5.82
Hofstra,CAA,25-Jul,-13.42,89.6,103,63.3,-0.024,-2.01,-0.69
Portland St.,BSky,20-Aug,-13.47,103.5,117,63.9,-0.102,-6.59,4.25
San Jose St.,WAC,20-Sep,-13.5,90.8,104.3,65.8,0.021,-1.3,-5.46
Southern Utah,BSky,20-Nov,-13.6,92.1,105.7,67.9,-0.001,-6.13,2.78
SIU Edwardsville,OVC,18-Sep,-13.72,92.9,106.6,64.9,-0.008,-5.25,-2.16
UMBC,AE,23-Aug,-13.9,95.7,109.6,65.9,-0.01,-2.96,-1.54
Monmouth,NEC,21-Oct,-13.9,91.7,105.6,68.4,0.019,-4.32,0.58
Chattanooga,SC,13-19,-14.12,97.7,111.8,66.2,0.018,-7.3,-2.92
Austin Peay,OVC,23-Aug,-14.41,98.8,113.3,67.5,-0.071,-4.4,-1.99
Texas Pan American,GWC,16-16,-14.41,94.1,108.6,62.5,0.068,-9.25,-7.05
Coppin St.,MEAC,24-Aug,-14.53,93.2,107.7,66.9,-0.038,-3.61,6.28
UC Riverside,BW,25-Jun,-14.57,89.2,103.8,61.8,-0.071,-1.92,-1.31
Texas A&M Corpus Chris,Slnd,23-Jun,-14.88,96.1,111,60.8,-0.04,-3.23,6.09
Jackson St.,SWAC,18-Nov,-14.94,93.9,108.8,67.4,-0.015,-9.62,8.89
Navy,Pat,23-Aug,-15.2,90,105.2,59.4,-0.049,-4.13,-7.82
UMKC,Sum,24-Aug,-15.39,93.7,109.1,63.1,-0.022,-3.02,-0.4
East Tennessee St.,ASun,22-Oct,-15.69,95.1,110.8,63.4,0.063,-1.85,7.18
Idaho St.,BSky,24-Jun,-16.18,91.9,108.1,59.3,-0.117,-4.99,4.35
NCSOS,,,,,,,,,
Team,Conf,W-L,AdjEM,AdjO,AdjT,AdjEM,OppD,,
Nebraska Omaha,Sum,20-Nov,-16.33,101.8,118.1,70.9,0.095,-3.99,-1.9
Northern Illinois,MAC,25-May,-16.72,85.7,102.4,61.1,-0.052,-2.03,-1.69
Alcorn St.,SWAC,24-Oct,-16.88,85.4,102.2,66.6,-0.045,-6.84,9.2
Prairie View A&M,SWAC,15-19,-17.29,88,105.3,66,0.026,-10.82,1.08
Rice,CUSA,26-May,-17.45,96,113.4,61.5,-0.032,-0.7,-4.97
Houston Baptist,GWC,14-17,-17.55,87.7,105.3,67.2,0.089,-9.08,-6.55
Louisiana Monroe,SB,23-Apr,-18.03,92.4,110.4,65,-0.026,-1.61,4.39
Florida A&M,MEAC,22-Aug,-18.34,89.5,107.9,67.5,0.003,-5.29,1.98
Howard,MEAC,24-Jul,-18.42,84.1,102.5,61,-0.044,-5.67,5.88
St. Francis PA,NEC,24-May,-19.29,93.4,112.7,62.2,0.034,-3.89,2.3
Alabama St.,SWAC,22-Oct,-19.71,92.3,112,64.8,0.006,-9.61,3.16
Tennessee Martin,OVC,21-Sep,-20.18,93.8,113.9,66.6,0.071,-4.79,-2.42
IUPUI,Sum,26-Jun,-20.3,97.7,118,64.2,-0.054,-2.68,-0.11
Fairleigh Dickinson,NEC,24-Jul,-20.47,94,114.5,66.1,0.029,-4.41,-0.56
Kennesaw St.,ASun,27-Mar,-20.69,91.8,112.5,63,0.004,-5.15,-2.21
Alabama A&M,SWAC,20-Nov,-20.7,90.8,111.5,64.9,-0.004,-9.82,5.74
The Citadel,SC,22-Aug,-20.88,98.4,119.2,64,-0.005,-6.56,-1.23
Longwood,BSth,25-Aug,-21.61,94.6,116.2,69.2,-0.004,-6.28,0.51
Mississippi Valley St.,SWAC,23-May,-22.01,90.1,112.1,69.4,-0.07,-8.3,7
South Carolina St.,MEAC,24-Jun,-22.02,91.9,113.9,63.9,-0.015,-5.55,1.53
Presbyterian,BSth,24-Aug,-22.92,94.9,117.8,60.9,0.011,-5.5,0.18
Furman,SC,24-Jul,-23.3,91.7,115,63.7,-0.007,-6.25,-1.19
Binghamton,AE,27-Mar,-24.06,86.3,110.4,65.1,-0.018,-3.28,-4.68
Maryland Eastern Shore,MEAC,26-Feb,-24.68,86.6,111.3,62.6,-0.028,-4.66,4.69
New Orleans,ind,18-Aug,-25.21,87.9,113.2,69.4,0.042,-7.06,-7.06
Lamar,Slnd,28-Mar,-25.4,85.9,111.3,69,0.023,-2.93,3.76
Grambling St.,SWAC,0-28,-46.1,76,122.1,62.5,-0.014,-8.79,4.55